Primer name,Primer sequence,Purpose
mCh_F7,AGGACGGCGAGTTCATCTA,qPCR primer for mCherry ORF
mCh_R7,CCCATGGTCTTCTTCTGCATTA,qPCR primer for mCherry ORF
RPS3_F1,TCGCTGACGGTGTCTTCTACG,qPCR primer for RPS3 ORF
RPS3_R1,TCGGTCTTGGTTGGAGTGACA,qPCR primer for RPS3 ORF
RPS13_EF,CTAGAAATGCTCCAGCTTGGTTCAA,qPCR primer for RPS13 ORF
RPS13_ER,TCAAACCCTTTCTCGCGTACTTG,qPCR primer for RPS13 ORF
PGK1_F2,GCTGCTTTGCCAACCATCAA,qPCR primer for PGK1 ORF
PGK1_R2,TCGTTTCTTTCACCGTTTGGTC,qPCR primer for PGK1 ORF
mTu_F2,TTGGGGTGTTCAATGTTTTGC,qPCR primer for mTurq2 ORF
mTu_R2,TGAACATAACCTTCTGGCATGG,qPCR primer for mTurq2 ORF
