Fluorescence reporter strain name,Reporter construct DNA sequence
pCLN2-mCherry-tCLN2,GATACCTAGCGAAGAGCACATTTGGCGTAGCCTGTTAAGTATAACTGCTAAAAATTGAAATGAACACCAACTGAAACAACTGTTGGCCCTTTTTGAGGATCTAACCTGCGAAATGTTGATCTGACAGGCCTACTGAAAAACGGAAAGGAAAAAAGGCCTGCGCAAACGCAGAACGCAGATCCGCCTTCTATTTGCGTATCGCACGCAGCCTCTGGCTACTTGTTTAACTTACTATCTCTTTCATATATAAAAAAATAGCAATCGACTCTGGTAACTATTATGCTCCTCTTACTGGTTTTTTAGTGAATTGGCAATAGATAATATCAAGGACAACTTACTTTTATTTTAACATCTACTTTACTTCATCGTCAAATTTTCTTCTTATATACAGCATTGCTAGACTCTATAGCTGCCAATTCATTCGCTTACCACATCATAATTTGCATACAAAAGAAAATCTTTTCTTTTTTCCATTCATTCATTAAATTTAACGACAGACAGATGGTGAGCAAGGGCGAGGAGGATAACATGGCCATCATCAAGGAGTTCATGCGCTTCAAGGTGCACATGGAGGGCTCCGTGAACGGCCACGAGTTCGAGATCGAGGGCGAGGGCGAGGGCCGCCCCTACGAGGGCACCCAGACCGCCAAGCTGAAGGTGACCAAGGGTGGCCCCCTGCCCTTCGCCTGGGACATCCTGTCCCCTCAGTTCATGTACGGCTCCAAGGCCTACGTGAAGCACCCCGCCGACATCCCCGACTACTTGAAGCTGTCCTTCCCCGAGGGCTTCAAGTGGGAGCGCGTGATGAACTTCGAGGACGGCGGCGTGGTGACCGTGACCCAGGACTCCTCCCTGCAGGACGGCGAGTTCATCTACAAGGTGAAGCTGCGCGGCACCAACTTCCCCTCCGACGGCCCCGTAATGCAGAAGAAGACCATGGGCTGGGAGGCCTCCTCCGAGCGGATGTACCCCGAGGACGGCGCCCTGAAGGGCGAGATCAAGCAGAGGCTGAAGCTGAAGGACGGCGGCCACTACGACGCTGAGGTCAAGACCACCTACAAGGCCAAGAAGCCCGTGCAGCTGCCCGGCGCCTACAACGTCAACATCAAGTTGGACATCACCTCCCACAACGAGGACTACACCATCGTGGAACAGTACGAACGCGCCGAGGGCCGCCACTCCACCGGCGGCATGGACGAGCTGTACAAGTAGCGTTCCTGTTCTTTTCATGATAAATGAATGCCAATTTGCCAAACGTACCAAAAAGAGACCAATATTATAAGATTTATAAAAGAAAAGCTTTCATATTCTGCGGGAAAAGAGAGACCACATACTCAGTTTATCGCTATAATTTTAACGGTATATATTTATATTTTTGTAAATCAATGAAACAGCCAACTAAATTCTGTGTAG
pCLN2-mCherry-tHSP26,GATACCTAGCGAAGAGCACATTTGGCGTAGCCTGTTAAGTATAACTGCTAAAAATTGAAATGAACACCAACTGAAACAACTGTTGGCCCTTTTTGAGGATCTAACCTGCGAAATGTTGATCTGACAGGCCTACTGAAAAACGGAAAGGAAAAAAGGCCTGCGCAAACGCAGAACGCAGATCCGCCTTCTATTTGCGTATCGCACGCAGCCTCTGGCTACTTGTTTAACTTACTATCTCTTTCATATATAAAAAAATAGCAATCGACTCTGGTAACTATTATGCTCCTCTTACTGGTTTTTTAGTGAATTGGCAATAGATAATATCAAGGACAACTTACTTTTATTTTAACATCTACTTTACTTCATCGTCAAATTTTCTTCTTATATACAGCATTGCTAGACTCTATAGCTGCCAATTCATTCGCTTACCACATCATAATTTGCATACAAAAGAAAATCTTTTCTTTTTTCCATTCATTCATTAAATTTAACGACAGACAGATGGTGAGCAAGGGCGAGGAGGATAACATGGCCATCATCAAGGAGTTCATGCGCTTCAAGGTGCACATGGAGGGCTCCGTGAACGGCCACGAGTTCGAGATCGAGGGCGAGGGCGAGGGCCGCCCCTACGAGGGCACCCAGACCGCCAAGCTGAAGGTGACCAAGGGTGGCCCCCTGCCCTTCGCCTGGGACATCCTGTCCCCTCAGTTCATGTACGGCTCCAAGGCCTACGTGAAGCACCCCGCCGACATCCCCGACTACTTGAAGCTGTCCTTCCCCGAGGGCTTCAAGTGGGAGCGCGTGATGAACTTCGAGGACGGCGGCGTGGTGACCGTGACCCAGGACTCCTCCCTGCAGGACGGCGAGTTCATCTACAAGGTGAAGCTGCGCGGCACCAACTTCCCCTCCGACGGCCCCGTAATGCAGAAGAAGACCATGGGCTGGGAGGCCTCCTCCGAGCGGATGTACCCCGAGGACGGCGCCCTGAAGGGCGAGATCAAGCAGAGGCTGAAGCTGAAGGACGGCGGCCACTACGACGCTGAGGTCAAGACCACCTACAAGGCCAAGAAGCCCGTGCAGCTGCCCGGCGCCTACAACGTCAACATCAAGTTGGACATCACCTCCCACAACGAGGACTACACCATCGTGGAACAGTACGAACGCGCCGAGGGCCGCCACTCCACCGGCGGCATGGACGAGCTGTACAAGTAGCAGTGACCTGGCTCTATAGTGTTGTCCCTCTCGCGAGGACCATTGTTGCTTGCATATGGGCTTGAAACATATGGTCATCACATCTGAGCGATTTTACCTCTTAGAATTAGTTTAGATATATATGAGTTGATGAATAAATAGTTATAAAAACTTGCTTTGGCTTCGATATATGACCGTTATTTTTGACTAAGTTTTAACGAA
pCLN2-mCherry-tPAB1,GATACCTAGCGAAGAGCACATTTGGCGTAGCCTGTTAAGTATAACTGCTAAAAATTGAAATGAACACCAACTGAAACAACTGTTGGCCCTTTTTGAGGATCTAACCTGCGAAATGTTGATCTGACAGGCCTACTGAAAAACGGAAAGGAAAAAAGGCCTGCGCAAACGCAGAACGCAGATCCGCCTTCTATTTGCGTATCGCACGCAGCCTCTGGCTACTTGTTTAACTTACTATCTCTTTCATATATAAAAAAATAGCAATCGACTCTGGTAACTATTATGCTCCTCTTACTGGTTTTTTAGTGAATTGGCAATAGATAATATCAAGGACAACTTACTTTTATTTTAACATCTACTTTACTTCATCGTCAAATTTTCTTCTTATATACAGCATTGCTAGACTCTATAGCTGCCAATTCATTCGCTTACCACATCATAATTTGCATACAAAAGAAAATCTTTTCTTTTTTCCATTCATTCATTAAATTTAACGACAGACAGATGGTGAGCAAGGGCGAGGAGGATAACATGGCCATCATCAAGGAGTTCATGCGCTTCAAGGTGCACATGGAGGGCTCCGTGAACGGCCACGAGTTCGAGATCGAGGGCGAGGGCGAGGGCCGCCCCTACGAGGGCACCCAGACCGCCAAGCTGAAGGTGACCAAGGGTGGCCCCCTGCCCTTCGCCTGGGACATCCTGTCCCCTCAGTTCATGTACGGCTCCAAGGCCTACGTGAAGCACCCCGCCGACATCCCCGACTACTTGAAGCTGTCCTTCCCCGAGGGCTTCAAGTGGGAGCGCGTGATGAACTTCGAGGACGGCGGCGTGGTGACCGTGACCCAGGACTCCTCCCTGCAGGACGGCGAGTTCATCTACAAGGTGAAGCTGCGCGGCACCAACTTCCCCTCCGACGGCCCCGTAATGCAGAAGAAGACCATGGGCTGGGAGGCCTCCTCCGAGCGGATGTACCCCGAGGACGGCGCCCTGAAGGGCGAGATCAAGCAGAGGCTGAAGCTGAAGGACGGCGGCCACTACGACGCTGAGGTCAAGACCACCTACAAGGCCAAGAAGCCCGTGCAGCTGCCCGGCGCCTACAACGTCAACATCAAGTTGGACATCACCTCCCACAACGAGGACTACACCATCGTGGAACAGTACGAACGCGCCGAGGGCCGCCACTCCACCGGCGGCATGGACGAGCTGTACAAGTAGCTGCTCTATGTAATCACCTACTTCCCTACTCAACAAACTTATCATCTTTTTTTTCTCCCTTCCCTTTTTTTTTTGTCTTAAATACTAGTTATTATCCTTTGTAACCTAAATACTCGCTCTTATTGACAAAATGCAAACGTTTTTTGTTTTTAACTGTCAAGAGAAGTATCATTTTACTATTATTAGACTTCATTACTGAGT
pCLN2-mCherry-tPGK1,GATACCTAGCGAAGAGCACATTTGGCGTAGCCTGTTAAGTATAACTGCTAAAAATTGAAATGAACACCAACTGAAACAACTGTTGGCCCTTTTTGAGGATCTAACCTGCGAAATGTTGATCTGACAGGCCTACTGAAAAACGGAAAGGAAAAAAGGCCTGCGCAAACGCAGAACGCAGATCCGCCTTCTATTTGCGTATCGCACGCAGCCTCTGGCTACTTGTTTAACTTACTATCTCTTTCATATATAAAAAAATAGCAATCGACTCTGGTAACTATTATGCTCCTCTTACTGGTTTTTTAGTGAATTGGCAATAGATAATATCAAGGACAACTTACTTTTATTTTAACATCTACTTTACTTCATCGTCAAATTTTCTTCTTATATACAGCATTGCTAGACTCTATAGCTGCCAATTCATTCGCTTACCACATCATAATTTGCATACAAAAGAAAATCTTTTCTTTTTTCCATTCATTCATTAAATTTAACGACAGACAGATGGTGAGCAAGGGCGAGGAGGATAACATGGCCATCATCAAGGAGTTCATGCGCTTCAAGGTGCACATGGAGGGCTCCGTGAACGGCCACGAGTTCGAGATCGAGGGCGAGGGCGAGGGCCGCCCCTACGAGGGCACCCAGACCGCCAAGCTGAAGGTGACCAAGGGTGGCCCCCTGCCCTTCGCCTGGGACATCCTGTCCCCTCAGTTCATGTACGGCTCCAAGGCCTACGTGAAGCACCCCGCCGACATCCCCGACTACTTGAAGCTGTCCTTCCCCGAGGGCTTCAAGTGGGAGCGCGTGATGAACTTCGAGGACGGCGGCGTGGTGACCGTGACCCAGGACTCCTCCCTGCAGGACGGCGAGTTCATCTACAAGGTGAAGCTGCGCGGCACCAACTTCCCCTCCGACGGCCCCGTAATGCAGAAGAAGACCATGGGCTGGGAGGCCTCCTCCGAGCGGATGTACCCCGAGGACGGCGCCCTGAAGGGCGAGATCAAGCAGAGGCTGAAGCTGAAGGACGGCGGCCACTACGACGCTGAGGTCAAGACCACCTACAAGGCCAAGAAGCCCGTGCAGCTGCCCGGCGCCTACAACGTCAACATCAAGTTGGACATCACCTCCCACAACGAGGACTACACCATCGTGGAACAGTACGAACGCGCCGAGGGCCGCCACTCCACCGGCGGCATGGACGAGCTGTACAAGTAGCATTGAATTGAATTGAAATCGATAGATCAATTTTTTTCTTTTCTCTTTCCCCATCCTTTACGCTAAAATAATAGTTTATTTTATTTTTTGAATATTTTTTATTTATATACGTATATATAGACTATTATTTATCTTTTAATGATTATTAAGATTTTTATTAAAAAAAAATTCGCTCCTCTTTTAATGCCTT
pCLN2-mCherry-tPMA1 long,GATACCTAGCGAAGAGCACATTTGGCGTAGCCTGTTAAGTATAACTGCTAAAAATTGAAATGAACACCAACTGAAACAACTGTTGGCCCTTTTTGAGGATCTAACCTGCGAAATGTTGATCTGACAGGCCTACTGAAAAACGGAAAGGAAAAAAGGCCTGCGCAAACGCAGAACGCAGATCCGCCTTCTATTTGCGTATCGCACGCAGCCTCTGGCTACTTGTTTAACTTACTATCTCTTTCATATATAAAAAAATAGCAATCGACTCTGGTAACTATTATGCTCCTCTTACTGGTTTTTTAGTGAATTGGCAATAGATAATATCAAGGACAACTTACTTTTATTTTAACATCTACTTTACTTCATCGTCAAATTTTCTTCTTATATACAGCATTGCTAGACTCTATAGCTGCCAATTCATTCGCTTACCACATCATAATTTGCATACAAAAGAAAATCTTTTCTTTTTTCCATTCATTCATTAAATTTAACGACAGACAGATGGTGAGCAAGGGCGAGGAGGATAACATGGCCATCATCAAGGAGTTCATGCGCTTCAAGGTGCACATGGAGGGCTCCGTGAACGGCCACGAGTTCGAGATCGAGGGCGAGGGCGAGGGCCGCCCCTACGAGGGCACCCAGACCGCCAAGCTGAAGGTGACCAAGGGTGGCCCCCTGCCCTTCGCCTGGGACATCCTGTCCCCTCAGTTCATGTACGGCTCCAAGGCCTACGTGAAGCACCCCGCCGACATCCCCGACTACTTGAAGCTGTCCTTCCCCGAGGGCTTCAAGTGGGAGCGCGTGATGAACTTCGAGGACGGCGGCGTGGTGACCGTGACCCAGGACTCCTCCCTGCAGGACGGCGAGTTCATCTACAAGGTGAAGCTGCGCGGCACCAACTTCCCCTCCGACGGCCCCGTAATGCAGAAGAAGACCATGGGCTGGGAGGCCTCCTCCGAGCGGATGTACCCCGAGGACGGCGCCCTGAAGGGCGAGATCAAGCAGAGGCTGAAGCTGAAGGACGGCGGCCACTACGACGCTGAGGTCAAGACCACCTACAAGGCCAAGAAGCCCGTGCAGCTGCCCGGCGCCTACAACGTCAACATCAAGTTGGACATCACCTCCCACAACGAGGACTACACCATCGTGGAACAGTACGAACGCGCCGAGGGCCGCCACTCCACCGGCGGCATGGACGAGCTGTACAAGTAGCTCCTGTTGAAGTAGCATTTAATCATAATTTTTGTCACATTTTAATCAACTTGATTTTTCTGGTTTAATTTTTCTAATTTTAATTTTAATTTTTTTATCAATGGGAACTGATACACTAAAAAGAATTAGGAGCCAACAAGAATAAGCCGCTTATTTCCTACTAGAGTTTGCTTAAAATTTCATCTCGAATTGTCATTCTAATATTTTATCCACACACACACCTTAAAATTTTTAGATTAAATGGCATCAACTCTTAGCTTCACACACACACACACACCGAAGCTGGTTGTTTTATTTGATTTGATATAATTGGTTTCTCTGGATGGTACTTTTTCTTTCTTGGTTATTTCCTATTTTAAAATATGAAACGCACACAAGTCATAATTATTCTAATAGAGCACAATTCACAACACGCACATTTC
pCLN2-mCherry-tPMA1 short,GATACCTAGCGAAGAGCACATTTGGCGTAGCCTGTTAAGTATAACTGCTAAAAATTGAAATGAACACCAACTGAAACAACTGTTGGCCCTTTTTGAGGATCTAACCTGCGAAATGTTGATCTGACAGGCCTACTGAAAAACGGAAAGGAAAAAAGGCCTGCGCAAACGCAGAACGCAGATCCGCCTTCTATTTGCGTATCGCACGCAGCCTCTGGCTACTTGTTTAACTTACTATCTCTTTCATATATAAAAAAATAGCAATCGACTCTGGTAACTATTATGCTCCTCTTACTGGTTTTTTAGTGAATTGGCAATAGATAATATCAAGGACAACTTACTTTTATTTTAACATCTACTTTACTTCATCGTCAAATTTTCTTCTTATATACAGCATTGCTAGACTCTATAGCTGCCAATTCATTCGCTTACCACATCATAATTTGCATACAAAAGAAAATCTTTTCTTTTTTCCATTCATTCATTAAATTTAACGACAGACAGATGGTGAGCAAGGGCGAGGAGGATAACATGGCCATCATCAAGGAGTTCATGCGCTTCAAGGTGCACATGGAGGGCTCCGTGAACGGCCACGAGTTCGAGATCGAGGGCGAGGGCGAGGGCCGCCCCTACGAGGGCACCCAGACCGCCAAGCTGAAGGTGACCAAGGGTGGCCCCCTGCCCTTCGCCTGGGACATCCTGTCCCCTCAGTTCATGTACGGCTCCAAGGCCTACGTGAAGCACCCCGCCGACATCCCCGACTACTTGAAGCTGTCCTTCCCCGAGGGCTTCAAGTGGGAGCGCGTGATGAACTTCGAGGACGGCGGCGTGGTGACCGTGACCCAGGACTCCTCCCTGCAGGACGGCGAGTTCATCTACAAGGTGAAGCTGCGCGGCACCAACTTCCCCTCCGACGGCCCCGTAATGCAGAAGAAGACCATGGGCTGGGAGGCCTCCTCCGAGCGGATGTACCCCGAGGACGGCGCCCTGAAGGGCGAGATCAAGCAGAGGCTGAAGCTGAAGGACGGCGGCCACTACGACGCTGAGGTCAAGACCACCTACAAGGCCAAGAAGCCCGTGCAGCTGCCCGGCGCCTACAACGTCAACATCAAGTTGGACATCACCTCCCACAACGAGGACTACACCATCGTGGAACAGTACGAACGCGCCGAGGGCCGCCACTCCACCGGCGGCATGGACGAGCTGTACAAGTAGCATCCTGTTGAAGTAGCATTTAATCATAATTTTTGTCACATTTTAATCAACTTGATTTTTCTGGTTTAATTTTTCTAATTTTAATTTTAATTTTTTTATCAATGGGAACTGATACACTAAAAAGAATTAGGAGCCAACAAGAATAAGCCGCTTATTTCCTACTAGAGTTTGCTTAAAATTTCATCTCGAATTGTCATTCTA
pCLN2-mCherry-tRPS3,GATACCTAGCGAAGAGCACATTTGGCGTAGCCTGTTAAGTATAACTGCTAAAAATTGAAATGAACACCAACTGAAACAACTGTTGGCCCTTTTTGAGGATCTAACCTGCGAAATGTTGATCTGACAGGCCTACTGAAAAACGGAAAGGAAAAAAGGCCTGCGCAAACGCAGAACGCAGATCCGCCTTCTATTTGCGTATCGCACGCAGCCTCTGGCTACTTGTTTAACTTACTATCTCTTTCATATATAAAAAAATAGCAATCGACTCTGGTAACTATTATGCTCCTCTTACTGGTTTTTTAGTGAATTGGCAATAGATAATATCAAGGACAACTTACTTTTATTTTAACATCTACTTTACTTCATCGTCAAATTTTCTTCTTATATACAGCATTGCTAGACTCTATAGCTGCCAATTCATTCGCTTACCACATCATAATTTGCATACAAAAGAAAATCTTTTCTTTTTTCCATTCATTCATTAAATTTAACGACAGACAGATGGTGAGCAAGGGCGAGGAGGATAACATGGCCATCATCAAGGAGTTCATGCGCTTCAAGGTGCACATGGAGGGCTCCGTGAACGGCCACGAGTTCGAGATCGAGGGCGAGGGCGAGGGCCGCCCCTACGAGGGCACCCAGACCGCCAAGCTGAAGGTGACCAAGGGTGGCCCCCTGCCCTTCGCCTGGGACATCCTGTCCCCTCAGTTCATGTACGGCTCCAAGGCCTACGTGAAGCACCCCGCCGACATCCCCGACTACTTGAAGCTGTCCTTCCCCGAGGGCTTCAAGTGGGAGCGCGTGATGAACTTCGAGGACGGCGGCGTGGTGACCGTGACCCAGGACTCCTCCCTGCAGGACGGCGAGTTCATCTACAAGGTGAAGCTGCGCGGCACCAACTTCCCCTCCGACGGCCCCGTAATGCAGAAGAAGACCATGGGCTGGGAGGCCTCCTCCGAGCGGATGTACCCCGAGGACGGCGCCCTGAAGGGCGAGATCAAGCAGAGGCTGAAGCTGAAGGACGGCGGCCACTACGACGCTGAGGTCAAGACCACCTACAAGGCCAAGAAGCCCGTGCAGCTGCCCGGCGCCTACAACGTCAACATCAAGTTGGACATCACCTCCCACAACGAGGACTACACCATCGTGGAACAGTACGAACGCGCCGAGGGCCGCCACTCCACCGGCGGCATGGACGAGCTGTACAAGTAGCATTTAATTATTAAATACATAAATAAACTATAAGTACAATAATTTCTTCTATTCTAGTGCACTTAATTGTTGCGGTTTCTTGCATATTGCCGTGTTTAGTCAGGAGGGTGCACGTTGAAGCAGTGCGTTGAAACTAGTTGTTATTTACAGAATCACAATATTATATAATCAAAAGAAAAGTTTTGTACAACACAACTGTGA
pCLN2-mCherry-tRPS13,GATACCTAGCGAAGAGCACATTTGGCGTAGCCTGTTAAGTATAACTGCTAAAAATTGAAATGAACACCAACTGAAACAACTGTTGGCCCTTTTTGAGGATCTAACCTGCGAAATGTTGATCTGACAGGCCTACTGAAAAACGGAAAGGAAAAAAGGCCTGCGCAAACGCAGAACGCAGATCCGCCTTCTATTTGCGTATCGCACGCAGCCTCTGGCTACTTGTTTAACTTACTATCTCTTTCATATATAAAAAAATAGCAATCGACTCTGGTAACTATTATGCTCCTCTTACTGGTTTTTTAGTGAATTGGCAATAGATAATATCAAGGACAACTTACTTTTATTTTAACATCTACTTTACTTCATCGTCAAATTTTCTTCTTATATACAGCATTGCTAGACTCTATAGCTGCCAATTCATTCGCTTACCACATCATAATTTGCATACAAAAGAAAATCTTTTCTTTTTTCCATTCATTCATTAAATTTAACGACAGACAGATGGTGAGCAAGGGCGAGGAGGATAACATGGCCATCATCAAGGAGTTCATGCGCTTCAAGGTGCACATGGAGGGCTCCGTGAACGGCCACGAGTTCGAGATCGAGGGCGAGGGCGAGGGCCGCCCCTACGAGGGCACCCAGACCGCCAAGCTGAAGGTGACCAAGGGTGGCCCCCTGCCCTTCGCCTGGGACATCCTGTCCCCTCAGTTCATGTACGGCTCCAAGGCCTACGTGAAGCACCCCGCCGACATCCCCGACTACTTGAAGCTGTCCTTCCCCGAGGGCTTCAAGTGGGAGCGCGTGATGAACTTCGAGGACGGCGGCGTGGTGACCGTGACCCAGGACTCCTCCCTGCAGGACGGCGAGTTCATCTACAAGGTGAAGCTGCGCGGCACCAACTTCCCCTCCGACGGCCCCGTAATGCAGAAGAAGACCATGGGCTGGGAGGCCTCCTCCGAGCGGATGTACCCCGAGGACGGCGCCCTGAAGGGCGAGATCAAGCAGAGGCTGAAGCTGAAGGACGGCGGCCACTACGACGCTGAGGTCAAGACCACCTACAAGGCCAAGAAGCCCGTGCAGCTGCCCGGCGCCTACAACGTCAACATCAAGTTGGACATCACCTCCCACAACGAGGACTACACCATCGTGGAACAGTACGAACGCGCCGAGGGCCGCCACTCCACCGGCGGCATGGACGAGCTGTACAAGTAGCAGTGTTTAAATCATTTATTTCATTATTTTATATGTATATTTTGTATAACTAAAATTGATTTTTTAAACATCTCTTTATAAACGATAAGTTGCATTTTATTTTATTTCACTATTGCTAATTTTTGTGTCCGTTTCTAACTTCAAAGCTGCTCCCAGCCTTTCCTAAGGTTTTCAGTTACCAAGTCTGCCTGAGAAAGCAAC
pCLN2-mCherry-tSRO9 long,GATACCTAGCGAAGAGCACATTTGGCGTAGCCTGTTAAGTATAACTGCTAAAAATTGAAATGAACACCAACTGAAACAACTGTTGGCCCTTTTTGAGGATCTAACCTGCGAAATGTTGATCTGACAGGCCTACTGAAAAACGGAAAGGAAAAAAGGCCTGCGCAAACGCAGAACGCAGATCCGCCTTCTATTTGCGTATCGCACGCAGCCTCTGGCTACTTGTTTAACTTACTATCTCTTTCATATATAAAAAAATAGCAATCGACTCTGGTAACTATTATGCTCCTCTTACTGGTTTTTTAGTGAATTGGCAATAGATAATATCAAGGACAACTTACTTTTATTTTAACATCTACTTTACTTCATCGTCAAATTTTCTTCTTATATACAGCATTGCTAGACTCTATAGCTGCCAATTCATTCGCTTACCACATCATAATTTGCATACAAAAGAAAATCTTTTCTTTTTTCCATTCATTCATTAAATTTAACGACAGACAGATGGTGAGCAAGGGCGAGGAGGATAACATGGCCATCATCAAGGAGTTCATGCGCTTCAAGGTGCACATGGAGGGCTCCGTGAACGGCCACGAGTTCGAGATCGAGGGCGAGGGCGAGGGCCGCCCCTACGAGGGCACCCAGACCGCCAAGCTGAAGGTGACCAAGGGTGGCCCCCTGCCCTTCGCCTGGGACATCCTGTCCCCTCAGTTCATGTACGGCTCCAAGGCCTACGTGAAGCACCCCGCCGACATCCCCGACTACTTGAAGCTGTCCTTCCCCGAGGGCTTCAAGTGGGAGCGCGTGATGAACTTCGAGGACGGCGGCGTGGTGACCGTGACCCAGGACTCCTCCCTGCAGGACGGCGAGTTCATCTACAAGGTGAAGCTGCGCGGCACCAACTTCCCCTCCGACGGCCCCGTAATGCAGAAGAAGACCATGGGCTGGGAGGCCTCCTCCGAGCGGATGTACCCCGAGGACGGCGCCCTGAAGGGCGAGATCAAGCAGAGGCTGAAGCTGAAGGACGGCGGCCACTACGACGCTGAGGTCAAGACCACCTACAAGGCCAAGAAGCCCGTGCAGCTGCCCGGCGCCTACAACGTCAACATCAAGTTGGACATCACCTCCCACAACGAGGACTACACCATCGTGGAACAGTACGAACGCGCCGAGGGCCGCCACTCCACCGGCGGCATGGACGAGCTGTACAAGTAGCAGGCCTCTCACACTTGCAAAATAAAAAATGGATTCGTTCATTGCATTTTACACAAAAAACCATAAAAAATTGAAAAACCTAATAATTAAAAAAATTAAAAGTTAATCATCCTCCAGCAAAGCTGTTTTTTTTTTGTTTTTTTTTTTTTTTTTGTTTTTTTATCCATTTTTTTCATTTGTTCCATCAGTTTAATACGAAAGAGAAAATAAAAATAAAAACTTTGAACAATTTTCATGTTTTGAATTCATTGTACATTATCATCATAAGCAATAAGATACAAATATTTATGTTTTTTTTTTTTTGTTTTTTTTTTTTTTTAAGATATAAAAATACTAGCCTCTTCTCACTTCGTTTTCTCTCTGTCTAAGTGGCTACCATCATGAGATATGATATTCTTTCTTCTCCCTGCGCAATTCTTAAACCACCTGCTTTTTTTATTCAATTTTTTGCTAATTTAATAATTGGGAAGAAGATATGAAAAATGCCTATTTTACTCTAAGCAATTCATATGTAAAAAATTTTATGTATAGTTTTTTTTTTCTC
pCLN2-mCherry-tSRO9 short,GATACCTAGCGAAGAGCACATTTGGCGTAGCCTGTTAAGTATAACTGCTAAAAATTGAAATGAACACCAACTGAAACAACTGTTGGCCCTTTTTGAGGATCTAACCTGCGAAATGTTGATCTGACAGGCCTACTGAAAAACGGAAAGGAAAAAAGGCCTGCGCAAACGCAGAACGCAGATCCGCCTTCTATTTGCGTATCGCACGCAGCCTCTGGCTACTTGTTTAACTTACTATCTCTTTCATATATAAAAAAATAGCAATCGACTCTGGTAACTATTATGCTCCTCTTACTGGTTTTTTAGTGAATTGGCAATAGATAATATCAAGGACAACTTACTTTTATTTTAACATCTACTTTACTTCATCGTCAAATTTTCTTCTTATATACAGCATTGCTAGACTCTATAGCTGCCAATTCATTCGCTTACCACATCATAATTTGCATACAAAAGAAAATCTTTTCTTTTTTCCATTCATTCATTAAATTTAACGACAGACAGATGGTGAGCAAGGGCGAGGAGGATAACATGGCCATCATCAAGGAGTTCATGCGCTTCAAGGTGCACATGGAGGGCTCCGTGAACGGCCACGAGTTCGAGATCGAGGGCGAGGGCGAGGGCCGCCCCTACGAGGGCACCCAGACCGCCAAGCTGAAGGTGACCAAGGGTGGCCCCCTGCCCTTCGCCTGGGACATCCTGTCCCCTCAGTTCATGTACGGCTCCAAGGCCTACGTGAAGCACCCCGCCGACATCCCCGACTACTTGAAGCTGTCCTTCCCCGAGGGCTTCAAGTGGGAGCGCGTGATGAACTTCGAGGACGGCGGCGTGGTGACCGTGACCCAGGACTCCTCCCTGCAGGACGGCGAGTTCATCTACAAGGTGAAGCTGCGCGGCACCAACTTCCCCTCCGACGGCCCCGTAATGCAGAAGAAGACCATGGGCTGGGAGGCCTCCTCCGAGCGGATGTACCCCGAGGACGGCGCCCTGAAGGGCGAGATCAAGCAGAGGCTGAAGCTGAAGGACGGCGGCCACTACGACGCTGAGGTCAAGACCACCTACAAGGCCAAGAAGCCCGTGCAGCTGCCCGGCGCCTACAACGTCAACATCAAGTTGGACATCACCTCCCACAACGAGGACTACACCATCGTGGAACAGTACGAACGCGCCGAGGGCCGCCACTCCACCGGCGGCATGGACGAGCTGTACAAGTAGCAAGGCCTCTCACACTTGCAAAATAAAAAATGGATTCGTTCATTGCATTTTACACAAAAAACCATAAAAAATTGAAAAACCTAATAATTAAAAAAATTAAAAGTTAATCATCCTCCAGCAAAGCTGTTTTTTTTTTGTTTTTTTTTTTTTTTTTGTTTTTTTATCCATTTTTTTCATTTGTTCCATCAGTTTAATACGAAA
pCLN2-mCherry-tSUN4,GATACCTAGCGAAGAGCACATTTGGCGTAGCCTGTTAAGTATAACTGCTAAAAATTGAAATGAACACCAACTGAAACAACTGTTGGCCCTTTTTGAGGATCTAACCTGCGAAATGTTGATCTGACAGGCCTACTGAAAAACGGAAAGGAAAAAAGGCCTGCGCAAACGCAGAACGCAGATCCGCCTTCTATTTGCGTATCGCACGCAGCCTCTGGCTACTTGTTTAACTTACTATCTCTTTCATATATAAAAAAATAGCAATCGACTCTGGTAACTATTATGCTCCTCTTACTGGTTTTTTAGTGAATTGGCAATAGATAATATCAAGGACAACTTACTTTTATTTTAACATCTACTTTACTTCATCGTCAAATTTTCTTCTTATATACAGCATTGCTAGACTCTATAGCTGCCAATTCATTCGCTTACCACATCATAATTTGCATACAAAAGAAAATCTTTTCTTTTTTCCATTCATTCATTAAATTTAACGACAGACAGATGGTGAGCAAGGGCGAGGAGGATAACATGGCCATCATCAAGGAGTTCATGCGCTTCAAGGTGCACATGGAGGGCTCCGTGAACGGCCACGAGTTCGAGATCGAGGGCGAGGGCGAGGGCCGCCCCTACGAGGGCACCCAGACCGCCAAGCTGAAGGTGACCAAGGGTGGCCCCCTGCCCTTCGCCTGGGACATCCTGTCCCCTCAGTTCATGTACGGCTCCAAGGCCTACGTGAAGCACCCCGCCGACATCCCCGACTACTTGAAGCTGTCCTTCCCCGAGGGCTTCAAGTGGGAGCGCGTGATGAACTTCGAGGACGGCGGCGTGGTGACCGTGACCCAGGACTCCTCCCTGCAGGACGGCGAGTTCATCTACAAGGTGAAGCTGCGCGGCACCAACTTCCCCTCCGACGGCCCCGTAATGCAGAAGAAGACCATGGGCTGGGAGGCCTCCTCCGAGCGGATGTACCCCGAGGACGGCGCCCTGAAGGGCGAGATCAAGCAGAGGCTGAAGCTGAAGGACGGCGGCCACTACGACGCTGAGGTCAAGACCACCTACAAGGCCAAGAAGCCCGTGCAGCTGCCCGGCGCCTACAACGTCAACATCAAGTTGGACATCACCTCCCACAACGAGGACTACACCATCGTGGAACAGTACGAACGCGCCGAGGGCCGCCACTCCACCGGCGGCATGGACGAGCTGTACAAGTAGCACTTAGGCGCATCAACAGTTGAGTAAGTTGATTGTATTATTACCCCATTCTTTTCTGCCCGTCCATTTTATTGTCTGTTTAACATACACTAAAACCCACGCCGGATTAATATCAATTTTTTTTTACTTTGTTTCTATTTATCATTCTTCCAGACATAAATTATTTTGTAATATTAAAGACATTTGAAAACCTACATAC
pCLN2-mCherry-tTOS6,GATACCTAGCGAAGAGCACATTTGGCGTAGCCTGTTAAGTATAACTGCTAAAAATTGAAATGAACACCAACTGAAACAACTGTTGGCCCTTTTTGAGGATCTAACCTGCGAAATGTTGATCTGACAGGCCTACTGAAAAACGGAAAGGAAAAAAGGCCTGCGCAAACGCAGAACGCAGATCCGCCTTCTATTTGCGTATCGCACGCAGCCTCTGGCTACTTGTTTAACTTACTATCTCTTTCATATATAAAAAAATAGCAATCGACTCTGGTAACTATTATGCTCCTCTTACTGGTTTTTTAGTGAATTGGCAATAGATAATATCAAGGACAACTTACTTTTATTTTAACATCTACTTTACTTCATCGTCAAATTTTCTTCTTATATACAGCATTGCTAGACTCTATAGCTGCCAATTCATTCGCTTACCACATCATAATTTGCATACAAAAGAAAATCTTTTCTTTTTTCCATTCATTCATTAAATTTAACGACAGACAGATGGTGAGCAAGGGCGAGGAGGATAACATGGCCATCATCAAGGAGTTCATGCGCTTCAAGGTGCACATGGAGGGCTCCGTGAACGGCCACGAGTTCGAGATCGAGGGCGAGGGCGAGGGCCGCCCCTACGAGGGCACCCAGACCGCCAAGCTGAAGGTGACCAAGGGTGGCCCCCTGCCCTTCGCCTGGGACATCCTGTCCCCTCAGTTCATGTACGGCTCCAAGGCCTACGTGAAGCACCCCGCCGACATCCCCGACTACTTGAAGCTGTCCTTCCCCGAGGGCTTCAAGTGGGAGCGCGTGATGAACTTCGAGGACGGCGGCGTGGTGACCGTGACCCAGGACTCCTCCCTGCAGGACGGCGAGTTCATCTACAAGGTGAAGCTGCGCGGCACCAACTTCCCCTCCGACGGCCCCGTAATGCAGAAGAAGACCATGGGCTGGGAGGCCTCCTCCGAGCGGATGTACCCCGAGGACGGCGCCCTGAAGGGCGAGATCAAGCAGAGGCTGAAGCTGAAGGACGGCGGCCACTACGACGCTGAGGTCAAGACCACCTACAAGGCCAAGAAGCCCGTGCAGCTGCCCGGCGCCTACAACGTCAACATCAAGTTGGACATCACCTCCCACAACGAGGACTACACCATCGTGGAACAGTACGAACGCGCCGAGGGCCGCCACTCCACCGGCGGCATGGACGAGCTGTACAAGTAGCGTTGCATGGACAACTTAAACTAGGAAGGATATTCCGCTTCATTTCATTAATTTCACATTTTTTTATCTACATGATATGTATTTTCCCTCAGTTACCAGATTCGCTAGCTTCGAAGCAAGGACTCCTTGGTCATACTTAATAAAGGAACGTCTGCTTCATTCTCCTAAAGTTCCTTTCGATAAGGACGCAGAAGGCACCTTACTAGACCATTGTATAAACTCATAACTACATACTAATTCAACGATATGTTACATTT
pPGK1-mCherry-tCLN2,TGTTTGCAAAAAGAACAAAACTGAAAAAACCCAGACACGCTCGACTTCCTGTCTTCCTATTGATTGCAGCTTCCAATTTCGTCACACAACAAGGTCCTAGCGACGGCTCACAGGTTTTGTAACAAGCAATCGAAGGTTCTGGAATGGCGGGAAAGGGTTTAGTACCACATGCTATGATGCCCACTGTGATCTCCAGAGCAAAGTTCGTTCGATCGTACTGTTACTCTCTCTCTTTCAAACAGAATTGTCCGAATCGTGTGACAACAACAGCCTGTTCTCACACACTCTTTTCTTCTAACCAAGGGGGTGGTTTAGTTTAGTAGAACCTCGTGAAACTTACATTTACATATATATAAACTTGCATAAATTGGTCAATGCAAGAAATACATATTTGGTCTTTTCTAATTCGTAGTTTTTCAAGTTCTTAGATGCTTTCTTTTTCTCTTTTTTACAGATCATCAAGGAAGTAATTATCTACTTTTTACAACAAATATAAAACAGATGGTGAGCAAGGGCGAGGAGGATAACATGGCCATCATCAAGGAGTTCATGCGCTTCAAGGTGCACATGGAGGGCTCCGTGAACGGCCACGAGTTCGAGATCGAGGGCGAGGGCGAGGGCCGCCCCTACGAGGGCACCCAGACCGCCAAGCTGAAGGTGACCAAGGGTGGCCCCCTGCCCTTCGCCTGGGACATCCTGTCCCCTCAGTTCATGTACGGCTCCAAGGCCTACGTGAAGCACCCCGCCGACATCCCCGACTACTTGAAGCTGTCCTTCCCCGAGGGCTTCAAGTGGGAGCGCGTGATGAACTTCGAGGACGGCGGCGTGGTGACCGTGACCCAGGACTCCTCCCTGCAGGACGGCGAGTTCATCTACAAGGTGAAGCTGCGCGGCACCAACTTCCCCTCCGACGGCCCCGTAATGCAGAAGAAGACCATGGGCTGGGAGGCCTCCTCCGAGCGGATGTACCCCGAGGACGGCGCCCTGAAGGGCGAGATCAAGCAGAGGCTGAAGCTGAAGGACGGCGGCCACTACGACGCTGAGGTCAAGACCACCTACAAGGCCAAGAAGCCCGTGCAGCTGCCCGGCGCCTACAACGTCAACATCAAGTTGGACATCACCTCCCACAACGAGGACTACACCATCGTGGAACAGTACGAACGCGCCGAGGGCCGCCACTCCACCGGCGGCATGGACGAGCTGTACAAGTAGCGTTCCTGTTCTTTTCATGATAAATGAATGCCAATTTGCCAAACGTACCAAAAAGAGACCAATATTATAAGATTTATAAAAGAAAAGCTTTCATATTCTGCGGGAAAAGAGAGACCACATACTCAGTTTATCGCTATAATTTTAACGGTATATATTTATATTTTTGTAAATCAATGAAACAGCCAACTAAATTCTGTGTAG
pPGK1-mCherry-tHSP26,TGTTTGCAAAAAGAACAAAACTGAAAAAACCCAGACACGCTCGACTTCCTGTCTTCCTATTGATTGCAGCTTCCAATTTCGTCACACAACAAGGTCCTAGCGACGGCTCACAGGTTTTGTAACAAGCAATCGAAGGTTCTGGAATGGCGGGAAAGGGTTTAGTACCACATGCTATGATGCCCACTGTGATCTCCAGAGCAAAGTTCGTTCGATCGTACTGTTACTCTCTCTCTTTCAAACAGAATTGTCCGAATCGTGTGACAACAACAGCCTGTTCTCACACACTCTTTTCTTCTAACCAAGGGGGTGGTTTAGTTTAGTAGAACCTCGTGAAACTTACATTTACATATATATAAACTTGCATAAATTGGTCAATGCAAGAAATACATATTTGGTCTTTTCTAATTCGTAGTTTTTCAAGTTCTTAGATGCTTTCTTTTTCTCTTTTTTACAGATCATCAAGGAAGTAATTATCTACTTTTTACAACAAATATAAAACAGATGGTGAGCAAGGGCGAGGAGGATAACATGGCCATCATCAAGGAGTTCATGCGCTTCAAGGTGCACATGGAGGGCTCCGTGAACGGCCACGAGTTCGAGATCGAGGGCGAGGGCGAGGGCCGCCCCTACGAGGGCACCCAGACCGCCAAGCTGAAGGTGACCAAGGGTGGCCCCCTGCCCTTCGCCTGGGACATCCTGTCCCCTCAGTTCATGTACGGCTCCAAGGCCTACGTGAAGCACCCCGCCGACATCCCCGACTACTTGAAGCTGTCCTTCCCCGAGGGCTTCAAGTGGGAGCGCGTGATGAACTTCGAGGACGGCGGCGTGGTGACCGTGACCCAGGACTCCTCCCTGCAGGACGGCGAGTTCATCTACAAGGTGAAGCTGCGCGGCACCAACTTCCCCTCCGACGGCCCCGTAATGCAGAAGAAGACCATGGGCTGGGAGGCCTCCTCCGAGCGGATGTACCCCGAGGACGGCGCCCTGAAGGGCGAGATCAAGCAGAGGCTGAAGCTGAAGGACGGCGGCCACTACGACGCTGAGGTCAAGACCACCTACAAGGCCAAGAAGCCCGTGCAGCTGCCCGGCGCCTACAACGTCAACATCAAGTTGGACATCACCTCCCACAACGAGGACTACACCATCGTGGAACAGTACGAACGCGCCGAGGGCCGCCACTCCACCGGCGGCATGGACGAGCTGTACAAGTAGCAGTGACCTGGCTCTATAGTGTTGTCCCTCTCGCGAGGACCATTGTTGCTTGCATATGGGCTTGAAACATATGGTCATCACATCTGAGCGATTTTACCTCTTAGAATTAGTTTAGATATATATGAGTTGATGAATAAATAGTTATAAAAACTTGCTTTGGCTTCGATATATGACCGTTATTTTTGACTAAGTTTTAACGAA
pPGK1-mCherry-tPAB1,TGTTTGCAAAAAGAACAAAACTGAAAAAACCCAGACACGCTCGACTTCCTGTCTTCCTATTGATTGCAGCTTCCAATTTCGTCACACAACAAGGTCCTAGCGACGGCTCACAGGTTTTGTAACAAGCAATCGAAGGTTCTGGAATGGCGGGAAAGGGTTTAGTACCACATGCTATGATGCCCACTGTGATCTCCAGAGCAAAGTTCGTTCGATCGTACTGTTACTCTCTCTCTTTCAAACAGAATTGTCCGAATCGTGTGACAACAACAGCCTGTTCTCACACACTCTTTTCTTCTAACCAAGGGGGTGGTTTAGTTTAGTAGAACCTCGTGAAACTTACATTTACATATATATAAACTTGCATAAATTGGTCAATGCAAGAAATACATATTTGGTCTTTTCTAATTCGTAGTTTTTCAAGTTCTTAGATGCTTTCTTTTTCTCTTTTTTACAGATCATCAAGGAAGTAATTATCTACTTTTTACAACAAATATAAAACAGATGGTGAGCAAGGGCGAGGAGGATAACATGGCCATCATCAAGGAGTTCATGCGCTTCAAGGTGCACATGGAGGGCTCCGTGAACGGCCACGAGTTCGAGATCGAGGGCGAGGGCGAGGGCCGCCCCTACGAGGGCACCCAGACCGCCAAGCTGAAGGTGACCAAGGGTGGCCCCCTGCCCTTCGCCTGGGACATCCTGTCCCCTCAGTTCATGTACGGCTCCAAGGCCTACGTGAAGCACCCCGCCGACATCCCCGACTACTTGAAGCTGTCCTTCCCCGAGGGCTTCAAGTGGGAGCGCGTGATGAACTTCGAGGACGGCGGCGTGGTGACCGTGACCCAGGACTCCTCCCTGCAGGACGGCGAGTTCATCTACAAGGTGAAGCTGCGCGGCACCAACTTCCCCTCCGACGGCCCCGTAATGCAGAAGAAGACCATGGGCTGGGAGGCCTCCTCCGAGCGGATGTACCCCGAGGACGGCGCCCTGAAGGGCGAGATCAAGCAGAGGCTGAAGCTGAAGGACGGCGGCCACTACGACGCTGAGGTCAAGACCACCTACAAGGCCAAGAAGCCCGTGCAGCTGCCCGGCGCCTACAACGTCAACATCAAGTTGGACATCACCTCCCACAACGAGGACTACACCATCGTGGAACAGTACGAACGCGCCGAGGGCCGCCACTCCACCGGCGGCATGGACGAGCTGTACAAGTAGCTGCTCTATGTAATCACCTACTTCCCTACTCAACAAACTTATCATCTTTTTTTTCTCCCTTCCCTTTTTTTTTTGTCTTAAATACTAGTTATTATCCTTTGTAACCTAAATACTCGCTCTTATTGACAAAATGCAAACGTTTTTTGTTTTTAACTGTCAAGAGAAGTATCATTTTACTATTATTAGACTTCATTACTGAGT
pPGK1-mCherry-tPGK1,TGTTTGCAAAAAGAACAAAACTGAAAAAACCCAGACACGCTCGACTTCCTGTCTTCCTATTGATTGCAGCTTCCAATTTCGTCACACAACAAGGTCCTAGCGACGGCTCACAGGTTTTGTAACAAGCAATCGAAGGTTCTGGAATGGCGGGAAAGGGTTTAGTACCACATGCTATGATGCCCACTGTGATCTCCAGAGCAAAGTTCGTTCGATCGTACTGTTACTCTCTCTCTTTCAAACAGAATTGTCCGAATCGTGTGACAACAACAGCCTGTTCTCACACACTCTTTTCTTCTAACCAAGGGGGTGGTTTAGTTTAGTAGAACCTCGTGAAACTTACATTTACATATATATAAACTTGCATAAATTGGTCAATGCAAGAAATACATATTTGGTCTTTTCTAATTCGTAGTTTTTCAAGTTCTTAGATGCTTTCTTTTTCTCTTTTTTACAGATCATCAAGGAAGTAATTATCTACTTTTTACAACAAATATAAAACAGATGGTGAGCAAGGGCGAGGAGGATAACATGGCCATCATCAAGGAGTTCATGCGCTTCAAGGTGCACATGGAGGGCTCCGTGAACGGCCACGAGTTCGAGATCGAGGGCGAGGGCGAGGGCCGCCCCTACGAGGGCACCCAGACCGCCAAGCTGAAGGTGACCAAGGGTGGCCCCCTGCCCTTCGCCTGGGACATCCTGTCCCCTCAGTTCATGTACGGCTCCAAGGCCTACGTGAAGCACCCCGCCGACATCCCCGACTACTTGAAGCTGTCCTTCCCCGAGGGCTTCAAGTGGGAGCGCGTGATGAACTTCGAGGACGGCGGCGTGGTGACCGTGACCCAGGACTCCTCCCTGCAGGACGGCGAGTTCATCTACAAGGTGAAGCTGCGCGGCACCAACTTCCCCTCCGACGGCCCCGTAATGCAGAAGAAGACCATGGGCTGGGAGGCCTCCTCCGAGCGGATGTACCCCGAGGACGGCGCCCTGAAGGGCGAGATCAAGCAGAGGCTGAAGCTGAAGGACGGCGGCCACTACGACGCTGAGGTCAAGACCACCTACAAGGCCAAGAAGCCCGTGCAGCTGCCCGGCGCCTACAACGTCAACATCAAGTTGGACATCACCTCCCACAACGAGGACTACACCATCGTGGAACAGTACGAACGCGCCGAGGGCCGCCACTCCACCGGCGGCATGGACGAGCTGTACAAGTAGCATTGAATTGAATTGAAATCGATAGATCAATTTTTTTCTTTTCTCTTTCCCCATCCTTTACGCTAAAATAATAGTTTATTTTATTTTTTGAATATTTTTTATTTATATACGTATATATAGACTATTATTTATCTTTTAATGATTATTAAGATTTTTATTAAAAAAAAATTCGCTCCTCTTTTAATGCCTT
pPGK1-mCherry-tPMA1 long,TGTTTGCAAAAAGAACAAAACTGAAAAAACCCAGACACGCTCGACTTCCTGTCTTCCTATTGATTGCAGCTTCCAATTTCGTCACACAACAAGGTCCTAGCGACGGCTCACAGGTTTTGTAACAAGCAATCGAAGGTTCTGGAATGGCGGGAAAGGGTTTAGTACCACATGCTATGATGCCCACTGTGATCTCCAGAGCAAAGTTCGTTCGATCGTACTGTTACTCTCTCTCTTTCAAACAGAATTGTCCGAATCGTGTGACAACAACAGCCTGTTCTCACACACTCTTTTCTTCTAACCAAGGGGGTGGTTTAGTTTAGTAGAACCTCGTGAAACTTACATTTACATATATATAAACTTGCATAAATTGGTCAATGCAAGAAATACATATTTGGTCTTTTCTAATTCGTAGTTTTTCAAGTTCTTAGATGCTTTCTTTTTCTCTTTTTTACAGATCATCAAGGAAGTAATTATCTACTTTTTACAACAAATATAAAACAGATGGTGAGCAAGGGCGAGGAGGATAACATGGCCATCATCAAGGAGTTCATGCGCTTCAAGGTGCACATGGAGGGCTCCGTGAACGGCCACGAGTTCGAGATCGAGGGCGAGGGCGAGGGCCGCCCCTACGAGGGCACCCAGACCGCCAAGCTGAAGGTGACCAAGGGTGGCCCCCTGCCCTTCGCCTGGGACATCCTGTCCCCTCAGTTCATGTACGGCTCCAAGGCCTACGTGAAGCACCCCGCCGACATCCCCGACTACTTGAAGCTGTCCTTCCCCGAGGGCTTCAAGTGGGAGCGCGTGATGAACTTCGAGGACGGCGGCGTGGTGACCGTGACCCAGGACTCCTCCCTGCAGGACGGCGAGTTCATCTACAAGGTGAAGCTGCGCGGCACCAACTTCCCCTCCGACGGCCCCGTAATGCAGAAGAAGACCATGGGCTGGGAGGCCTCCTCCGAGCGGATGTACCCCGAGGACGGCGCCCTGAAGGGCGAGATCAAGCAGAGGCTGAAGCTGAAGGACGGCGGCCACTACGACGCTGAGGTCAAGACCACCTACAAGGCCAAGAAGCCCGTGCAGCTGCCCGGCGCCTACAACGTCAACATCAAGTTGGACATCACCTCCCACAACGAGGACTACACCATCGTGGAACAGTACGAACGCGCCGAGGGCCGCCACTCCACCGGCGGCATGGACGAGCTGTACAAGTAGCATCCTGTTGAAGTAGCATTTAATCATAATTTTTGTCACATTTTAATCAACTTGATTTTTCTGGTTTAATTTTTCTAATTTTAATTTTAATTTTTTTATCAATGGGAACTGATACACTAAAAAGAATTAGGAGCCAACAAGAATAAGCCGCTTATTTCCTACTAGAGTTTGCTTAAAATTTCATCTCGAATTGTCATTCTAATATTTTATCCACACACACACCTTAAAATTTTTAGATTAAATGGCATCAACTCTTAGCTTCACACACACACACACACCGAAGCTGGTTGTTTTATTTGATTTGATATAATTGGTTTCTCTGGATGGTACTTTTTCTTTCTTGGTTATTTCCTATTTTAAAATATGAAACGCACACAAGTCATAATTATTCTAATAGAGCACAATTCACAACACGCACATTTC
pPGK1-mCherry-tPMA1 short,TGTTTGCAAAAAGAACAAAACTGAAAAAACCCAGACACGCTCGACTTCCTGTCTTCCTATTGATTGCAGCTTCCAATTTCGTCACACAACAAGGTCCTAGCGACGGCTCACAGGTTTTGTAACAAGCAATCGAAGGTTCTGGAATGGCGGGAAAGGGTTTAGTACCACATGCTATGATGCCCACTGTGATCTCCAGAGCAAAGTTCGTTCGATCGTACTGTTACTCTCTCTCTTTCAAACAGAATTGTCCGAATCGTGTGACAACAACAGCCTGTTCTCACACACTCTTTTCTTCTAACCAAGGGGGTGGTTTAGTTTAGTAGAACCTCGTGAAACTTACATTTACATATATATAAACTTGCATAAATTGGTCAATGCAAGAAATACATATTTGGTCTTTTCTAATTCGTAGTTTTTCAAGTTCTTAGATGCTTTCTTTTTCTCTTTTTTACAGATCATCAAGGAAGTAATTATCTACTTTTTACAACAAATATAAAACAGATGGTGAGCAAGGGCGAGGAGGATAACATGGCCATCATCAAGGAGTTCATGCGCTTCAAGGTGCACATGGAGGGCTCCGTGAACGGCCACGAGTTCGAGATCGAGGGCGAGGGCGAGGGCCGCCCCTACGAGGGCACCCAGACCGCCAAGCTGAAGGTGACCAAGGGTGGCCCCCTGCCCTTCGCCTGGGACATCCTGTCCCCTCAGTTCATGTACGGCTCCAAGGCCTACGTGAAGCACCCCGCCGACATCCCCGACTACTTGAAGCTGTCCTTCCCCGAGGGCTTCAAGTGGGAGCGCGTGATGAACTTCGAGGACGGCGGCGTGGTGACCGTGACCCAGGACTCCTCCCTGCAGGACGGCGAGTTCATCTACAAGGTGAAGCTGCGCGGCACCAACTTCCCCTCCGACGGCCCCGTAATGCAGAAGAAGACCATGGGCTGGGAGGCCTCCTCCGAGCGGATGTACCCCGAGGACGGCGCCCTGAAGGGCGAGATCAAGCAGAGGCTGAAGCTGAAGGACGGCGGCCACTACGACGCTGAGGTCAAGACCACCTACAAGGCCAAGAAGCCCGTGCAGCTGCCCGGCGCCTACAACGTCAACATCAAGTTGGACATCACCTCCCACAACGAGGACTACACCATCGTGGAACAGTACGAACGCGCCGAGGGCCGCCACTCCACCGGCGGCATGGACGAGCTGTACAAGTAGCATCCTGTTGAAGTAGCATTTAATCATAATTTTTGTCACATTTTAATCAACTTGATTTTTCTGGTTTAATTTTTCTAATTTTAATTTTAATTTTTTTATCAATGGGAACTGATACACTAAAAAGAATTAGGAGCCAACAAGAATAAGCCGCTTATTTCCTACTAGAGTTTGCTTAAAATTTCATCTCGAATTGTCATTCTA
pPGK1-mCherry-tRPS3,TGTTTGCAAAAAGAACAAAACTGAAAAAACCCAGACACGCTCGACTTCCTGTCTTCCTATTGATTGCAGCTTCCAATTTCGTCACACAACAAGGTCCTAGCGACGGCTCACAGGTTTTGTAACAAGCAATCGAAGGTTCTGGAATGGCGGGAAAGGGTTTAGTACCACATGCTATGATGCCCACTGTGATCTCCAGAGCAAAGTTCGTTCGATCGTACTGTTACTCTCTCTCTTTCAAACAGAATTGTCCGAATCGTGTGACAACAACAGCCTGTTCTCACACACTCTTTTCTTCTAACCAAGGGGGTGGTTTAGTTTAGTAGAACCTCGTGAAACTTACATTTACATATATATAAACTTGCATAAATTGGTCAATGCAAGAAATACATATTTGGTCTTTTCTAATTCGTAGTTTTTCAAGTTCTTAGATGCTTTCTTTTTCTCTTTTTTACAGATCATCAAGGAAGTAATTATCTACTTTTTACAACAAATATAAAACAGATGGTGAGCAAGGGCGAGGAGGATAACATGGCCATCATCAAGGAGTTCATGCGCTTCAAGGTGCACATGGAGGGCTCCGTGAACGGCCACGAGTTCGAGATCGAGGGCGAGGGCGAGGGCCGCCCCTACGAGGGCACCCAGACCGCCAAGCTGAAGGTGACCAAGGGTGGCCCCCTGCCCTTCGCCTGGGACATCCTGTCCCCTCAGTTCATGTACGGCTCCAAGGCCTACGTGAAGCACCCCGCCGACATCCCCGACTACTTGAAGCTGTCCTTCCCCGAGGGCTTCAAGTGGGAGCGCGTGATGAACTTCGAGGACGGCGGCGTGGTGACCGTGACCCAGGACTCCTCCCTGCAGGACGGCGAGTTCATCTACAAGGTGAAGCTGCGCGGCACCAACTTCCCCTCCGACGGCCCCGTAATGCAGAAGAAGACCATGGGCTGGGAGGCCTCCTCCGAGCGGATGTACCCCGAGGACGGCGCCCTGAAGGGCGAGATCAAGCAGAGGCTGAAGCTGAAGGACGGCGGCCACTACGACGCTGAGGTCAAGACCACCTACAAGGCCAAGAAGCCCGTGCAGCTGCCCGGCGCCTACAACGTCAACATCAAGTTGGACATCACCTCCCACAACGAGGACTACACCATCGTGGAACAGTACGAACGCGCCGAGGGCCGCCACTCCACCGGCGGCATGGACGAGCTGTACAAGTAGCATTTAATTATTAAATACATAAATAAACTATAAGTACAATAATTTCTTCTATTCTAGTGCACTTAATTGTTGCGGTTTCTTGCATATTGCCGTGTTTAGTCAGGAGGGTGCACGTTGAAGCAGTGCGTTGAAACTAGTTGTTATTTACAGAATCACAATATTATATAATCAAAAGAAAAGTTTTGTACAACACAACTGTGA
pPGK1-mCherry-tRPS13,TGTTTGCAAAAAGAACAAAACTGAAAAAACCCAGACACGCTCGACTTCCTGTCTTCCTATTGATTGCAGCTTCCAATTTCGTCACACAACAAGGTCCTAGCGACGGCTCACAGGTTTTGTAACAAGCAATCGAAGGTTCTGGAATGGCGGGAAAGGGTTTAGTACCACATGCTATGATGCCCACTGTGATCTCCAGAGCAAAGTTCGTTCGATCGTACTGTTACTCTCTCTCTTTCAAACAGAATTGTCCGAATCGTGTGACAACAACAGCCTGTTCTCACACACTCTTTTCTTCTAACCAAGGGGGTGGTTTAGTTTAGTAGAACCTCGTGAAACTTACATTTACATATATATAAACTTGCATAAATTGGTCAATGCAAGAAATACATATTTGGTCTTTTCTAATTCGTAGTTTTTCAAGTTCTTAGATGCTTTCTTTTTCTCTTTTTTACAGATCATCAAGGAAGTAATTATCTACTTTTTACAACAAATATAAAACAGATGGTGAGCAAGGGCGAGGAGGATAACATGGCCATCATCAAGGAGTTCATGCGCTTCAAGGTGCACATGGAGGGCTCCGTGAACGGCCACGAGTTCGAGATCGAGGGCGAGGGCGAGGGCCGCCCCTACGAGGGCACCCAGACCGCCAAGCTGAAGGTGACCAAGGGTGGCCCCCTGCCCTTCGCCTGGGACATCCTGTCCCCTCAGTTCATGTACGGCTCCAAGGCCTACGTGAAGCACCCCGCCGACATCCCCGACTACTTGAAGCTGTCCTTCCCCGAGGGCTTCAAGTGGGAGCGCGTGATGAACTTCGAGGACGGCGGCGTGGTGACCGTGACCCAGGACTCCTCCCTGCAGGACGGCGAGTTCATCTACAAGGTGAAGCTGCGCGGCACCAACTTCCCCTCCGACGGCCCCGTAATGCAGAAGAAGACCATGGGCTGGGAGGCCTCCTCCGAGCGGATGTACCCCGAGGACGGCGCCCTGAAGGGCGAGATCAAGCAGAGGCTGAAGCTGAAGGACGGCGGCCACTACGACGCTGAGGTCAAGACCACCTACAAGGCCAAGAAGCCCGTGCAGCTGCCCGGCGCCTACAACGTCAACATCAAGTTGGACATCACCTCCCACAACGAGGACTACACCATCGTGGAACAGTACGAACGCGCCGAGGGCCGCCACTCCACCGGCGGCATGGACGAGCTGTACAAGTAGCAGTGTTTAAATCATTTATTTCATTATTTTATATGTATATTTTGTATAACTAAAATTGATTTTTTAAACATCTCTTTATAAACGATAAGTTGCATTTTATTTTATTTCACTATTGCTAATTTTTGTGTCCGTTTCTAACTTCAAAGCTGCTCCCAGCCTTTCCTAAGGTTTTCAGTTACCAAGTCTGCCTGAGAAAGCAAC
pPGK1-mCherry-tSRO9 long,TGTTTGCAAAAAGAACAAAACTGAAAAAACCCAGACACGCTCGACTTCCTGTCTTCCTATTGATTGCAGCTTCCAATTTCGTCACACAACAAGGTCCTAGCGACGGCTCACAGGTTTTGTAACAAGCAATCGAAGGTTCTGGAATGGCGGGAAAGGGTTTAGTACCACATGCTATGATGCCCACTGTGATCTCCAGAGCAAAGTTCGTTCGATCGTACTGTTACTCTCTCTCTTTCAAACAGAATTGTCCGAATCGTGTGACAACAACAGCCTGTTCTCACACACTCTTTTCTTCTAACCAAGGGGGTGGTTTAGTTTAGTAGAACCTCGTGAAACTTACATTTACATATATATAAACTTGCATAAATTGGTCAATGCAAGAAATACATATTTGGTCTTTTCTAATTCGTAGTTTTTCAAGTTCTTAGATGCTTTCTTTTTCTCTTTTTTACAGATCATCAAGGAAGTAATTATCTACTTTTTACAACAAATATAAAACAGATGGTGAGCAAGGGCGAGGAGGATAACATGGCCATCATCAAGGAGTTCATGCGCTTCAAGGTGCACATGGAGGGCTCCGTGAACGGCCACGAGTTCGAGATCGAGGGCGAGGGCGAGGGCCGCCCCTACGAGGGCACCCAGACCGCCAAGCTGAAGGTGACCAAGGGTGGCCCCCTGCCCTTCGCCTGGGACATCCTGTCCCCTCAGTTCATGTACGGCTCCAAGGCCTACGTGAAGCACCCCGCCGACATCCCCGACTACTTGAAGCTGTCCTTCCCCGAGGGCTTCAAGTGGGAGCGCGTGATGAACTTCGAGGACGGCGGCGTGGTGACCGTGACCCAGGACTCCTCCCTGCAGGACGGCGAGTTCATCTACAAGGTGAAGCTGCGCGGCACCAACTTCCCCTCCGACGGCCCCGTAATGCAGAAGAAGACCATGGGCTGGGAGGCCTCCTCCGAGCGGATGTACCCCGAGGACGGCGCCCTGAAGGGCGAGATCAAGCAGAGGCTGAAGCTGAAGGACGGCGGCCACTACGACGCTGAGGTCAAGACCACCTACAAGGCCAAGAAGCCCGTGCAGCTGCCCGGCGCCTACAACGTCAACATCAAGTTGGACATCACCTCCCACAACGAGGACTACACCATCGTGGAACAGTACGAACGCGCCGAGGGCCGCCACTCCACCGGCGGCATGGACGAGCTGTACAAGTAGCAGGCCTCTCACACTTGCAAAATAAAAAATGGATTCGTTCATTGCATTTTACACAAAAAACCATAAAAAATTGAAAAACCTAATAATTAAAAAAATTAAAAGTTAATCATCCTCCAGCAAAGCTGTTTTTTTTTTGTTTTTTTTTTTTTTTTTGTTTTTTTATCCATTTTTTTCATTTGTTCCATCAGTTTAATACGAAAGAGAAAATAAAAATAAAAACTTTGAACAATTTTCATGTTTTGAATTCATTGTACATTATCATCATAAGCAATAAGATACAAATATTTATGTTTTTTTTTTTTTGTTTTTTTTTTTTTTTAAGATATAAAAATACTAGCCTCTTCTCACTTCGTTTTCTCTCTGTCTAAGTGGCTACCATCATGAGATATGATATTCTTTCTTCTCCCTGCGCAATTCTTAAACCACCTGCTTTTTTTATTCAATTTTTTGCTAATTTAATAATTGGGAAGAAGATATGAAAAATGCCTATTTTACTCTAAGCAATTCATATGTAAAAAATTTTATGTATAGTTTTTTTTTTCTC
pPGK1-mCherry-tSRO9 short,TGTTTGCAAAAAGAACAAAACTGAAAAAACCCAGACACGCTCGACTTCCTGTCTTCCTATTGATTGCAGCTTCCAATTTCGTCACACAACAAGGTCCTAGCGACGGCTCACAGGTTTTGTAACAAGCAATCGAAGGTTCTGGAATGGCGGGAAAGGGTTTAGTACCACATGCTATGATGCCCACTGTGATCTCCAGAGCAAAGTTCGTTCGATCGTACTGTTACTCTCTCTCTTTCAAACAGAATTGTCCGAATCGTGTGACAACAACAGCCTGTTCTCACACACTCTTTTCTTCTAACCAAGGGGGTGGTTTAGTTTAGTAGAACCTCGTGAAACTTACATTTACATATATATAAACTTGCATAAATTGGTCAATGCAAGAAATACATATTTGGTCTTTTCTAATTCGTAGTTTTTCAAGTTCTTAGATGCTTTCTTTTTCTCTTTTTTACAGATCATCAAGGAAGTAATTATCTACTTTTTACAACAAATATAAAACAGATGGTGAGCAAGGGCGAGGAGGATAACATGGCCATCATCAAGGAGTTCATGCGCTTCAAGGTGCACATGGAGGGCTCCGTGAACGGCCACGAGTTCGAGATCGAGGGCGAGGGCGAGGGCCGCCCCTACGAGGGCACCCAGACCGCCAAGCTGAAGGTGACCAAGGGTGGCCCCCTGCCCTTCGCCTGGGACATCCTGTCCCCTCAGTTCATGTACGGCTCCAAGGCCTACGTGAAGCACCCCGCCGACATCCCCGACTACTTGAAGCTGTCCTTCCCCGAGGGCTTCAAGTGGGAGCGCGTGATGAACTTCGAGGACGGCGGCGTGGTGACCGTGACCCAGGACTCCTCCCTGCAGGACGGCGAGTTCATCTACAAGGTGAAGCTGCGCGGCACCAACTTCCCCTCCGACGGCCCCGTAATGCAGAAGAAGACCATGGGCTGGGAGGCCTCCTCCGAGCGGATGTACCCCGAGGACGGCGCCCTGAAGGGCGAGATCAAGCAGAGGCTGAAGCTGAAGGACGGCGGCCACTACGACGCTGAGGTCAAGACCACCTACAAGGCCAAGAAGCCCGTGCAGCTGCCCGGCGCCTACAACGTCAACATCAAGTTGGACATCACCTCCCACAACGAGGACTACACCATCGTGGAACAGTACGAACGCGCCGAGGGCCGCCACTCCACCGGCGGCATGGACGAGCTGTACAAGTAGCAAGGCCTCTCACACTTGCAAAATAAAAAATGGATTCGTTCATTGCATTTTACACAAAAAACCATAAAAAATTGAAAAACCTAATAATTAAAAAAATTAAAAGTTAATCATCCTCCAGCAAAGCTGTTTTTTTTTTGTTTTTTTTTTTTTTTTTGTTTTTTTATCCATTTTTTTCATTTGTTCCATCAGTTTAATACGAAA
pPGK1-mCherry-tSUN4,TGTTTGCAAAAAGAACAAAACTGAAAAAACCCAGACACGCTCGACTTCCTGTCTTCCTATTGATTGCAGCTTCCAATTTCGTCACACAACAAGGTCCTAGCGACGGCTCACAGGTTTTGTAACAAGCAATCGAAGGTTCTGGAATGGCGGGAAAGGGTTTAGTACCACATGCTATGATGCCCACTGTGATCTCCAGAGCAAAGTTCGTTCGATCGTACTGTTACTCTCTCTCTTTCAAACAGAATTGTCCGAATCGTGTGACAACAACAGCCTGTTCTCACACACTCTTTTCTTCTAACCAAGGGGGTGGTTTAGTTTAGTAGAACCTCGTGAAACTTACATTTACATATATATAAACTTGCATAAATTGGTCAATGCAAGAAATACATATTTGGTCTTTTCTAATTCGTAGTTTTTCAAGTTCTTAGATGCTTTCTTTTTCTCTTTTTTACAGATCATCAAGGAAGTAATTATCTACTTTTTACAACAAATATAAAACAGATGGTGAGCAAGGGCGAGGAGGATAACATGGCCATCATCAAGGAGTTCATGCGCTTCAAGGTGCACATGGAGGGCTCCGTGAACGGCCACGAGTTCGAGATCGAGGGCGAGGGCGAGGGCCGCCCCTACGAGGGCACCCAGACCGCCAAGCTGAAGGTGACCAAGGGTGGCCCCCTGCCCTTCGCCTGGGACATCCTGTCCCCTCAGTTCATGTACGGCTCCAAGGCCTACGTGAAGCACCCCGCCGACATCCCCGACTACTTGAAGCTGTCCTTCCCCGAGGGCTTCAAGTGGGAGCGCGTGATGAACTTCGAGGACGGCGGCGTGGTGACCGTGACCCAGGACTCCTCCCTGCAGGACGGCGAGTTCATCTACAAGGTGAAGCTGCGCGGCACCAACTTCCCCTCCGACGGCCCCGTAATGCAGAAGAAGACCATGGGCTGGGAGGCCTCCTCCGAGCGGATGTACCCCGAGGACGGCGCCCTGAAGGGCGAGATCAAGCAGAGGCTGAAGCTGAAGGACGGCGGCCACTACGACGCTGAGGTCAAGACCACCTACAAGGCCAAGAAGCCCGTGCAGCTGCCCGGCGCCTACAACGTCAACATCAAGTTGGACATCACCTCCCACAACGAGGACTACACCATCGTGGAACAGTACGAACGCGCCGAGGGCCGCCACTCCACCGGCGGCATGGACGAGCTGTACAAGTAGCACTTAGGCGCATCAACAGTTGAGTAAGTTGATTGTATTATTACCCCATTCTTTTCTGCCCGTCCATTTTATTGTCTGTTTAACATACACTAAAACCCACGCCGGATTAATATCAATTTTTTTTTACTTTGTTTCTATTTATCATTCTTCCAGACATAAATTATTTTGTAATATTAAAGACATTTGAAAACCTACATAC
pPGK1-mCherry-tTOS6,TGTTTGCAAAAAGAACAAAACTGAAAAAACCCAGACACGCTCGACTTCCTGTCTTCCTATTGATTGCAGCTTCCAATTTCGTCACACAACAAGGTCCTAGCGACGGCTCACAGGTTTTGTAACAAGCAATCGAAGGTTCTGGAATGGCGGGAAAGGGTTTAGTACCACATGCTATGATGCCCACTGTGATCTCCAGAGCAAAGTTCGTTCGATCGTACTGTTACTCTCTCTCTTTCAAACAGAATTGTCCGAATCGTGTGACAACAACAGCCTGTTCTCACACACTCTTTTCTTCTAACCAAGGGGGTGGTTTAGTTTAGTAGAACCTCGTGAAACTTACATTTACATATATATAAACTTGCATAAATTGGTCAATGCAAGAAATACATATTTGGTCTTTTCTAATTCGTAGTTTTTCAAGTTCTTAGATGCTTTCTTTTTCTCTTTTTTACAGATCATCAAGGAAGTAATTATCTACTTTTTACAACAAATATAAAACAGATGGTGAGCAAGGGCGAGGAGGATAACATGGCCATCATCAAGGAGTTCATGCGCTTCAAGGTGCACATGGAGGGCTCCGTGAACGGCCACGAGTTCGAGATCGAGGGCGAGGGCGAGGGCCGCCCCTACGAGGGCACCCAGACCGCCAAGCTGAAGGTGACCAAGGGTGGCCCCCTGCCCTTCGCCTGGGACATCCTGTCCCCTCAGTTCATGTACGGCTCCAAGGCCTACGTGAAGCACCCCGCCGACATCCCCGACTACTTGAAGCTGTCCTTCCCCGAGGGCTTCAAGTGGGAGCGCGTGATGAACTTCGAGGACGGCGGCGTGGTGACCGTGACCCAGGACTCCTCCCTGCAGGACGGCGAGTTCATCTACAAGGTGAAGCTGCGCGGCACCAACTTCCCCTCCGACGGCCCCGTAATGCAGAAGAAGACCATGGGCTGGGAGGCCTCCTCCGAGCGGATGTACCCCGAGGACGGCGCCCTGAAGGGCGAGATCAAGCAGAGGCTGAAGCTGAAGGACGGCGGCCACTACGACGCTGAGGTCAAGACCACCTACAAGGCCAAGAAGCCCGTGCAGCTGCCCGGCGCCTACAACGTCAACATCAAGTTGGACATCACCTCCCACAACGAGGACTACACCATCGTGGAACAGTACGAACGCGCCGAGGGCCGCCACTCCACCGGCGGCATGGACGAGCTGTACAAGTAGCGTTGCATGGACAACTTAAACTAGGAAGGATATTCCGCTTCATTTCATTAATTTCACATTTTTTTATCTACATGATATGTATTTTCCCTCAGTTACCAGATTCGCTAGCTTCGAAGCAAGGACTCCTTGGTCATACTTAATAAAGGAACGTCTGCTTCATTCTCCTAAAGTTCCTTTCGATAAGGACGCAGAAGGCACCTTACTAGACCATTGTATAAACTCATAACTACATACTAATTCAACGATATGTTACATTT
